Time,sumaTodos
2021-04-22 11:30:00,0
2021-04-22 12:00:00,0
2021-04-22 12:30:00,0
2021-04-22 13:00:00,0
2021-04-22 13:30:00,0
2021-04-22 14:00:00,0
2021-04-22 14:30:00,0
2021-04-22 15:00:00,0
2021-04-22 15:30:00,0
2021-04-22 16:00:00,0
2021-04-22 16:30:00,0
2021-04-22 17:00:00,0
2021-04-22 17:30:00,0
2021-04-22 18:00:00,0
2021-04-22 18:30:00,0
2021-04-22 19:00:00,0
2021-04-22 19:30:00,0
2021-04-22 20:00:00,0
2021-04-22 20:30:00,0
2021-04-22 21:00:00,29977
2021-04-22 21:30:00,90070
2021-04-22 22:00:00,39718
2021-04-22 22:30:00,76987
2021-04-22 23:00:00,91536
2021-04-22 23:30:00,90550
2021-04-23 00:00:00,90606
2021-04-23 00:30:00,90976
2021-04-23 01:00:00,90123
2021-04-23 01:30:00,89659
2021-04-23 02:00:00,87872
2021-04-23 02:30:00,93712
2021-04-23 03:00:00,90473
2021-04-23 03:30:00,90163
2021-04-23 04:00:00,87773
2021-04-23 04:30:00,88360
2021-04-23 05:00:00,91671
2021-04-23 05:30:00,88001
2021-04-23 06:00:00,89866
2021-04-23 06:30:00,88102
2021-04-23 07:00:00,91350
2021-04-23 07:30:00,87259
2021-04-23 08:00:00,89713
2021-04-23 08:30:00,91625
2021-04-23 09:00:00,89519
2021-04-23 09:30:00,89339
2021-04-23 10:00:00,90857
2021-04-23 10:30:00,87095
2021-04-23 11:00:00,95172
2021-04-23 11:30:00,92268
2021-04-23 12:00:00,91408
2021-04-23 12:30:00,91020
2021-04-23 13:00:00,92421
2021-04-23 13:30:00,89697
2021-04-23 14:00:00,89959
2021-04-23 14:30:00,91953
2021-04-23 15:00:00,93792
2021-04-23 15:30:00,92110
2021-04-23 16:00:00,93512
2021-04-23 16:30:00,93546
2021-04-23 17:00:00,88399
2021-04-23 17:30:00,91399
2021-04-23 18:00:00,96331
2021-04-23 18:30:00,92523
2021-04-23 19:00:00,93135
2021-04-23 19:30:00,91990
2021-04-23 20:00:00,93703
2021-04-23 20:30:00,90930
2021-04-23 21:00:00,88797
2021-04-23 21:30:00,89442
2021-04-23 22:00:00,94957
2021-04-23 22:30:00,91927
2021-04-23 23:00:00,89714
2021-04-23 23:30:00,89550
2021-04-24 00:00:00,91884
2021-04-24 00:30:00,92467
2021-04-24 01:00:00,92299
2021-04-24 01:30:00,89123
2021-04-24 02:00:00,89970
2021-04-24 02:30:00,92823
2021-04-24 03:00:00,88214
2021-04-24 03:30:00,87926
2021-04-24 04:00:00,88907
2021-04-24 04:30:00,88692
2021-04-24 05:00:00,90571
2021-04-24 05:30:00,91967
2021-04-24 06:00:00,89083
2021-04-24 06:30:00,87417
2021-04-24 07:00:00,91005
2021-04-24 07:30:00,90554
2021-04-24 08:00:00,89303
2021-04-24 08:30:00,91859
2021-04-24 09:00:00,87340
2021-04-24 09:30:00,90000
2021-04-24 10:00:00,88282
2021-04-24 10:30:00,87097
2021-04-24 11:00:00,89337
2021-04-24 11:30:00,90116
2021-04-24 12:00:00,87650
2021-04-24 12:30:00,91502
2021-04-24 13:00:00,90276
2021-04-24 13:30:00,88584
2021-04-24 14:00:00,88892
2021-04-24 14:30:00,93250
2021-04-24 15:00:00,86845
2021-04-24 15:30:00,91304
2021-04-24 16:00:00,91285
2021-04-24 16:30:00,90110
2021-04-24 17:00:00,89770
2021-04-24 17:30:00,92474
2021-04-24 18:00:00,87248
2021-04-24 18:30:00,89000
2021-04-24 19:00:00,90102
2021-04-24 19:30:00,88487
2021-04-24 20:00:00,91329
2021-04-24 20:30:00,88401
2021-04-24 21:00:00,88705
2021-04-24 21:30:00,87974
2021-04-24 22:00:00,89856
2021-04-24 22:30:00,86144
2021-04-24 23:00:00,89270
2021-04-24 23:30:00,87899
2021-04-25 00:00:00,88807
2021-04-25 00:30:00,87357
2021-04-25 01:00:00,88072
2021-04-25 01:30:00,87871
2021-04-25 02:00:00,87290
2021-04-25 02:30:00,87178
2021-04-25 03:00:00,87623
2021-04-25 03:30:00,88245
2021-04-25 04:00:00,91095
2021-04-25 04:30:00,90313
2021-04-25 05:00:00,91567
2021-04-25 05:30:00,88587
2021-04-25 06:00:00,88692
2021-04-25 06:30:00,86011
2021-04-25 07:00:00,87183
2021-04-25 07:30:00,90902
2021-04-25 08:00:00,87957
2021-04-25 08:30:00,85264
2021-04-25 09:00:00,88834
2021-04-25 09:30:00,89523
2021-04-25 10:00:00,85076
2021-04-25 10:30:00,89531
2021-04-25 11:00:00,90043
2021-04-25 11:30:00,89820
2021-04-25 12:00:00,90484
2021-04-25 12:30:00,89346
2021-04-25 13:00:00,87605
2021-04-25 13:30:00,89929
2021-04-25 14:00:00,91281
2021-04-25 14:30:00,90281
2021-04-25 15:00:00,90892
2021-04-25 15:30:00,89824
2021-04-25 16:00:00,89905
2021-04-25 16:30:00,89808
2021-04-25 17:00:00,90813
2021-04-25 17:30:00,89910
2021-04-25 18:00:00,90798
2021-04-25 18:30:00,87334
2021-04-25 19:00:00,90414
2021-04-25 19:30:00,88315
2021-04-25 20:00:00,90400
2021-04-25 20:30:00,89761
2021-04-25 21:00:00,88892
2021-04-25 21:30:00,88345
2021-04-25 22:00:00,88382
2021-04-25 22:30:00,87334
2021-04-25 23:00:00,86965
2021-04-25 23:30:00,88315
2021-04-26 00:00:00,89899
2021-04-26 00:30:00,87802
2021-04-26 01:00:00,87758
2021-04-26 01:30:00,87541
2021-04-26 02:00:00,85897
2021-04-26 02:30:00,89163
2021-04-26 03:00:00,90881
2021-04-26 03:30:00,89568
2021-04-26 04:00:00,89256
2021-04-26 04:30:00,89896
2021-04-26 05:00:00,91880
2021-04-26 05:30:00,90475
2021-04-26 06:00:00,89075
2021-04-26 06:30:00,90385
2021-04-26 07:00:00,90114
2021-04-26 07:30:00,94236
2021-04-26 08:00:00,90597
2021-04-26 08:30:00,91876
2021-04-26 09:00:00,89143
2021-04-26 09:30:00,89271
2021-04-26 10:00:00,92392
2021-04-26 10:30:00,88931
2021-04-26 11:00:00,88899
2021-04-26 11:30:00,88260
2021-04-26 12:00:00,86594
2021-04-26 12:30:00,90444
2021-04-26 13:00:00,91612
2021-04-26 13:30:00,91108
2021-04-26 14:00:00,92077
2021-04-26 14:30:00,91857
2021-04-26 15:00:00,88119
2021-04-26 15:30:00,92791
2021-04-26 16:00:00,91442
2021-04-26 16:30:00,94131
2021-04-26 17:00:00,91862
2021-04-26 17:30:00,91808
2021-04-26 18:00:00,91096
2021-04-26 18:30:00,89260
2021-04-26 19:00:00,89400
2021-04-26 19:30:00,90533
2021-04-26 20:00:00,87203
2021-04-26 20:30:00,89027
2021-04-26 21:00:00,87446
2021-04-26 21:30:00,87966
2021-04-26 22:00:00,88783
2021-04-26 22:30:00,88717
2021-04-26 23:00:00,87550
2021-04-26 23:30:00,88655
2021-04-27 00:00:00,90338
2021-04-27 00:30:00,87448
2021-04-27 01:00:00,91023
2021-04-27 01:30:00,86476
2021-04-27 02:00:00,88283
2021-04-27 02:30:00,89722
2021-04-27 03:00:00,91062
2021-04-27 03:30:00,89905
2021-04-27 04:00:00,92954
2021-04-27 04:30:00,91755
2021-04-27 05:00:00,92565
2021-04-27 05:30:00,92104
2021-04-27 06:00:00,90936
2021-04-27 06:30:00,91616
2021-04-27 07:00:00,93957
2021-04-27 07:30:00,93624
2021-04-27 08:00:00,94891
2021-04-27 08:30:00,93554
2021-04-27 09:00:00,93118
2021-04-27 09:30:00,91318
2021-04-27 10:00:00,90987
2021-04-27 10:30:00,90164
2021-04-27 11:00:00,91863
2021-04-27 11:30:00,88687
2021-04-27 12:00:00,89783
2021-04-27 12:30:00,88759
2021-04-27 13:00:00,93237
2021-04-27 13:30:00,88349
2021-04-27 14:00:00,89374
2021-04-27 14:30:00,93208
2021-04-27 15:00:00,92648
2021-04-27 15:30:00,91924
2021-04-27 16:00:00,90558
2021-04-27 16:30:00,89008
2021-04-27 17:00:00,89881
2021-04-27 17:30:00,90656
2021-04-27 18:00:00,92050
2021-04-27 18:30:00,91568
2021-04-27 19:00:00,90697
2021-04-27 19:30:00,89975
2021-04-27 20:00:00,87200
2021-04-27 20:30:00,89763
2021-04-27 21:00:00,91647
2021-04-27 21:30:00,87942
2021-04-27 22:00:00,88070
2021-04-27 22:30:00,89032
2021-04-27 23:00:00,88993
2021-04-27 23:30:00,89805
2021-04-28 00:00:00,89780
2021-04-28 00:30:00,89978
2021-04-28 01:00:00,89813
2021-04-28 01:30:00,89392
2021-04-28 02:00:00,87955
2021-04-28 02:30:00,89162
2021-04-28 03:00:00,92655
2021-04-28 03:30:00,91503
2021-04-28 04:00:00,91306
2021-04-28 04:30:00,94550
2021-04-28 05:00:00,90781
2021-04-28 05:30:00,95754
2021-04-28 06:00:00,94779
2021-04-28 06:30:00,91687
2021-04-28 07:00:00,93133
2021-04-28 07:30:00,94354
2021-04-28 08:00:00,91099
2021-04-28 08:30:00,92811
2021-04-28 09:00:00,90043
2021-04-28 09:30:00,90537
2021-04-28 10:00:00,90417
2021-04-28 10:30:00,92621
2021-04-28 11:00:00,88346
2021-04-28 11:30:00,89496
2021-04-28 12:00:00,86275
2021-04-28 12:30:00,88403
2021-04-28 13:00:00,89763
2021-04-28 13:30:00,88572
2021-04-28 14:00:00,88273
2021-04-28 14:30:00,93190
2021-04-28 15:00:00,89875
2021-04-28 15:30:00,92074
2021-04-28 16:00:00,90564
2021-04-28 16:30:00,91439
2021-04-28 17:00:00,88446
2021-04-28 17:30:00,89837
2021-04-28 18:00:00,88427
2021-04-28 18:30:00,89870
2021-04-28 19:00:00,88435
2021-04-28 19:30:00,84845
2021-04-28 20:00:00,88735
2021-04-28 20:30:00,87501
2021-04-28 21:00:00,89832
2021-04-28 21:30:00,88484
2021-04-28 22:00:00,87000
2021-04-28 22:30:00,86164
2021-04-28 23:00:00,87209
2021-04-28 23:30:00,87146
2021-04-29 00:00:00,88495
2021-04-29 00:30:00,87878
2021-04-29 01:00:00,85778
2021-04-29 01:30:00,88238
2021-04-29 02:00:00,89315
2021-04-29 02:30:00,89341
2021-04-29 03:00:00,90321
2021-04-29 03:30:00,90500
2021-04-29 04:00:00,89597
2021-04-29 04:30:00,90918
2021-04-29 05:00:00,92628
2021-04-29 05:30:00,92997
2021-04-29 06:00:00,92822
2021-04-29 06:30:00,90439
2021-04-29 07:00:00,90884
2021-04-29 07:30:00,93035
2021-04-29 08:00:00,96279
2021-04-29 08:30:00,90764
2021-04-29 09:00:00,90861
2021-04-29 09:30:00,91578
2021-04-29 10:00:00,90338
2021-04-29 10:30:00,91047
2021-04-29 11:00:00,88804
2021-04-29 11:30:00,88516
2021-04-29 12:00:00,86699
2021-04-29 12:30:00,90168
2021-04-29 13:00:00,91008
2021-04-29 13:30:00,89480
2021-04-29 14:00:00,90038
2021-04-29 14:30:00,91640
2021-04-29 15:00:00,91097
2021-04-29 15:30:00,89461
2021-04-29 16:00:00,88047
2021-04-29 16:30:00,83988
2021-04-29 17:00:00,84378
2021-04-29 17:30:00,84001
2021-04-29 18:00:00,82636
2021-04-29 18:30:00,83127
2021-04-29 19:00:00,81630
2021-04-29 19:30:00,79977
2021-04-29 20:00:00,81785
2021-04-29 20:30:00,82811
2021-04-29 21:00:00,82802
2021-04-29 21:30:00,84313
2021-04-29 22:00:00,85434
2021-04-29 22:30:00,85250
2021-04-29 23:00:00,84496
2021-04-29 23:30:00,86298
2021-04-30 00:00:00,87612
2021-04-30 00:30:00,87529
2021-04-30 01:00:00,86698
2021-04-30 01:30:00,87948
2021-04-30 02:00:00,89907
2021-04-30 02:30:00,89928
2021-04-30 03:00:00,89003
2021-04-30 03:30:00,90115
2021-04-30 04:00:00,90338
2021-04-30 04:30:00,89006
2021-04-30 05:00:00,92317
2021-04-30 05:30:00,93864
2021-04-30 06:00:00,92174
2021-04-30 06:30:00,93849
2021-04-30 07:00:00,92423
2021-04-30 07:30:00,93670
2021-04-30 08:00:00,91285
2021-04-30 08:30:00,93576
2021-04-30 09:00:00,92188
2021-04-30 09:30:00,91790
2021-04-30 10:00:00,88774
2021-04-30 10:30:00,88866
2021-04-30 11:00:00,87876
2021-04-30 11:30:00,88468
2021-04-30 12:00:00,85471
2021-04-30 12:30:00,86919
2021-04-30 13:00:00,91241
2021-04-30 13:30:00,92929
2021-04-30 14:00:00,93612
2021-04-30 14:30:00,88058
2021-04-30 15:00:00,83355
2021-04-30 15:30:00,86603
2021-04-30 16:00:00,77205
2021-04-30 16:30:00,82718
2021-04-30 17:00:00,88664
2021-04-30 17:30:00,90210
2021-04-30 18:00:00,90691
2021-04-30 18:30:00,92628
2021-04-30 19:00:00,95508
2021-04-30 19:30:00,92693
2021-04-30 20:00:00,94563
2021-04-30 20:30:00,92854
2021-04-30 21:00:00,91998
2021-04-30 21:30:00,90726
2021-04-30 22:00:00,93364
2021-04-30 22:30:00,90471
2021-04-30 23:00:00,89281
2021-04-30 23:30:00,91183
2021-05-01 00:00:00,90680
2021-05-01 00:30:00,88670
2021-05-01 01:00:00,88789
2021-05-01 01:30:00,89247
2021-05-01 02:00:00,86324
2021-05-01 02:30:00,86379
2021-05-01 03:00:00,88991
2021-05-01 03:30:00,87822
2021-05-01 04:00:00,92127
2021-05-01 04:30:00,92432
2021-05-01 05:00:00,94116
2021-05-01 05:30:00,90249
2021-05-01 06:00:00,91983
2021-05-01 06:30:00,88941
2021-05-01 07:00:00,90999
2021-05-01 07:30:00,90227
2021-05-01 08:00:00,90953
2021-05-01 08:30:00,93496
2021-05-01 09:00:00,91502
2021-05-01 09:30:00,90557
2021-05-01 10:00:00,87850
2021-05-01 10:30:00,93121
2021-05-01 11:00:00,91874
2021-05-01 11:30:00,90294
2021-05-01 12:00:00,92167
2021-05-01 12:30:00,91144
2021-05-01 13:00:00,94285
2021-05-01 13:30:00,92899
2021-05-01 14:00:00,94016
2021-05-01 14:30:00,92689
2021-05-01 15:00:00,94835
2021-05-01 15:30:00,93623
2021-05-01 16:00:00,93791
2021-05-01 16:30:00,92438
2021-05-01 17:00:00,92582
2021-05-01 17:30:00,92866
2021-05-01 18:00:00,96724
2021-05-01 18:30:00,93318
2021-05-01 19:00:00,91634
2021-05-01 19:30:00,95114
2021-05-01 20:00:00,93719
2021-05-01 20:30:00,89856
2021-05-01 21:00:00,94902
2021-05-01 21:30:00,91141
2021-05-01 22:00:00,90469
2021-05-01 22:30:00,91139
2021-05-01 23:00:00,92249
2021-05-01 23:30:00,91513
2021-05-02 00:00:00,90606
2021-05-02 00:30:00,90594
2021-05-02 01:00:00,91179
2021-05-02 01:30:00,91474
2021-05-02 02:00:00,88827
2021-05-02 02:30:00,88938
2021-05-02 03:00:00,90714
2021-05-02 03:30:00,89338
2021-05-02 04:00:00,88565
2021-05-02 04:30:00,88546
2021-05-02 05:00:00,87916
2021-05-02 05:30:00,91623
2021-05-02 06:00:00,90797
2021-05-02 06:30:00,89251
2021-05-02 07:00:00,90552
2021-05-02 07:30:00,90947
2021-05-02 08:00:00,89760
2021-05-02 08:30:00,91194
2021-05-02 09:00:00,91796
2021-05-02 09:30:00,92040
2021-05-02 10:00:00,91055
2021-05-02 10:30:00,89656
2021-05-02 11:00:00,92498
2021-05-02 11:30:00,91112
2021-05-02 12:00:00,89097
2021-05-02 12:30:00,93257
2021-05-02 13:00:00,92869
2021-05-02 13:30:00,94821
2021-05-02 14:00:00,95547
2021-05-02 14:30:00,93141
2021-05-02 15:00:00,93462
2021-05-02 15:30:00,93011
2021-05-02 16:00:00,89708
2021-05-02 16:30:00,94169
2021-05-02 17:00:00,93569
2021-05-02 17:30:00,96061
2021-05-02 18:00:00,92015
2021-05-02 18:30:00,92821
2021-05-02 19:00:00,95869
2021-05-02 19:30:00,92971
2021-05-02 20:00:00,92507
2021-05-02 20:30:00,92634
2021-05-02 21:00:00,93268
2021-05-02 21:30:00,93838
2021-05-02 22:00:00,95956
2021-05-02 22:30:00,95838
2021-05-02 23:00:00,91113
2021-05-02 23:30:00,91554
2021-05-03 00:00:00,90194
2021-05-03 00:30:00,93096
2021-05-03 01:00:00,90188
2021-05-03 01:30:00,92237
2021-05-03 02:00:00,91493
2021-05-03 02:30:00,91229
2021-05-03 03:00:00,92797
2021-05-03 03:30:00,91797
2021-05-03 04:00:00,92412
2021-05-03 04:30:00,93174
2021-05-03 05:00:00,89359
2021-05-03 05:30:00,92427
2021-05-03 06:00:00,89810
2021-05-03 06:30:00,90225
2021-05-03 07:00:00,91407
2021-05-03 07:30:00,91150
2021-05-03 08:00:00,90625
2021-05-03 08:30:00,91862
2021-05-03 09:00:00,95687
2021-05-03 09:30:00,92764
2021-05-03 10:00:00,95275
2021-05-03 10:30:00,90966
2021-05-03 11:00:00,93597
2021-05-03 11:30:00,93895
2021-05-03 12:00:00,93507
2021-05-03 12:30:00,93530
2021-05-03 13:00:00,94953
2021-05-03 13:30:00,94580
2021-05-03 14:00:00,92089
2021-05-03 14:30:00,89901
2021-05-03 15:00:00,87978
2021-05-03 15:30:00,79127
2021-05-03 16:00:00,80212
2021-05-03 16:30:00,75115
2021-05-03 17:00:00,78571
2021-05-03 17:30:00,84084
2021-05-03 18:00:00,86262
2021-05-03 18:30:00,83868
2021-05-03 19:00:00,87198
2021-05-03 19:30:00,88654
2021-05-03 20:00:00,89919
2021-05-03 20:30:00,91200
2021-05-03 21:00:00,90052
2021-05-03 21:30:00,90073
2021-05-03 22:00:00,90861
2021-05-03 22:30:00,90376
2021-05-03 23:00:00,94290
2021-05-03 23:30:00,90842
2021-05-04 00:00:00,92663
2021-05-04 00:30:00,94106
2021-05-04 01:00:00,94789
2021-05-04 01:30:00,92524
2021-05-04 02:00:00,94255
2021-05-04 02:30:00,92502
2021-05-04 03:00:00,93009
2021-05-04 03:30:00,95244
2021-05-04 04:00:00,94349
2021-05-04 04:30:00,91499
2021-05-04 05:00:00,91515
2021-05-04 05:30:00,92944
2021-05-04 06:00:00,93073
2021-05-04 06:30:00,92643
2021-05-04 07:00:00,90709
2021-05-04 07:30:00,92242
2021-05-04 08:00:00,90318
2021-05-04 08:30:00,92203
2021-05-04 09:00:00,90718
2021-05-04 09:30:00,92529
2021-05-04 10:00:00,88887
2021-05-04 10:30:00,90066
2021-05-04 11:00:00,88140
2021-05-04 11:30:00,85178
2021-05-04 12:00:00,84078
2021-05-04 12:30:00,87029
2021-05-04 13:00:00,89317
2021-05-04 13:30:00,89613
2021-05-04 14:00:00,86474
2021-05-04 14:30:00,88256
2021-05-04 15:00:00,86685
2021-05-04 15:30:00,89031
2021-05-04 16:00:00,89955
2021-05-04 16:30:00,86663
2021-05-04 17:00:00,86901
2021-05-04 17:30:00,89701
2021-05-04 18:00:00,88925
2021-05-04 18:30:00,90445
2021-05-04 19:00:00,90206
2021-05-04 19:30:00,87949
2021-05-04 20:00:00,91043
2021-05-04 20:30:00,92656
2021-05-04 21:00:00,91369
2021-05-04 21:30:00,90640
2021-05-04 22:00:00,92063
2021-05-04 22:30:00,92500
2021-05-04 23:00:00,99056
2021-05-04 23:30:00,93833
2021-05-05 00:00:00,92852
2021-05-05 00:30:00,93866
2021-05-05 01:00:00,92877
2021-05-05 01:30:00,93687
2021-05-05 02:00:00,93617
2021-05-05 02:30:00,95478
2021-05-05 03:00:00,96154
2021-05-05 03:30:00,95632
2021-05-05 04:00:00,93073
2021-05-05 04:30:00,93448
2021-05-05 05:00:00,94030
2021-05-05 05:30:00,90052
2021-05-05 06:00:00,91198
2021-05-05 06:30:00,91226
2021-05-05 07:00:00,89769
2021-05-05 07:30:00,94172
2021-05-05 08:00:00,90091
2021-05-05 08:30:00,93086
2021-05-05 09:00:00,91781
2021-05-05 09:30:00,91938
2021-05-05 10:00:00,92679
2021-05-05 10:30:00,91308
2021-05-05 11:00:00,89542
2021-05-05 11:30:00,90178
2021-05-05 12:00:00,90679
2021-05-05 12:30:00,88650
2021-05-05 13:00:00,90946
2021-05-05 13:30:00,88640
2021-05-05 14:00:00,93000
2021-05-05 14:30:00,90491
2021-05-05 15:00:00,89556
2021-05-05 15:30:00,92584
2021-05-05 16:00:00,91327
2021-05-05 16:30:00,89330
2021-05-05 17:00:00,90910
2021-05-05 17:30:00,88102
2021-05-05 18:00:00,88425
2021-05-05 18:30:00,87349
2021-05-05 19:00:00,91167
2021-05-05 19:30:00,89339
2021-05-05 20:00:00,87933
2021-05-05 20:30:00,88524
2021-05-05 21:00:00,86629
2021-05-05 21:30:00,87319
2021-05-05 22:00:00,90330
2021-05-05 22:30:00,89639
2021-05-05 23:00:00,88204
2021-05-05 23:30:00,93512
2021-05-06 00:00:00,88266
2021-05-06 00:30:00,88831
2021-05-06 01:00:00,86480
2021-05-06 01:30:00,88710
2021-05-06 02:00:00,90800
2021-05-06 02:30:00,93155
2021-05-06 03:00:00,92708
2021-05-06 03:30:00,88454
2021-05-06 04:00:00,88986
2021-05-06 04:30:00,87640
2021-05-06 05:00:00,90252
2021-05-06 05:30:00,91761
2021-05-06 06:00:00,94622
2021-05-06 06:30:00,94843
2021-05-06 07:00:00,89406
2021-05-06 07:30:00,90665
2021-05-06 08:00:00,89208
2021-05-06 08:30:00,92995
2021-05-06 09:00:00,92748
2021-05-06 09:30:00,91892
2021-05-06 10:00:00,92627
2021-05-06 10:30:00,92945
2021-05-06 11:00:00,91461
2021-05-06 11:30:00,92840
2021-05-06 12:00:00,94012
2021-05-06 12:30:00,90623
2021-05-06 13:00:00,93308
2021-05-06 13:30:00,89095
2021-05-06 14:00:00,94164
2021-05-06 14:30:00,92025
2021-05-06 15:00:00,91275
2021-05-06 15:30:00,94306
2021-05-06 16:00:00,90063
2021-05-06 16:30:00,91655
2021-05-06 17:00:00,89917
2021-05-06 17:30:00,91942
2021-05-06 18:00:00,90867
2021-05-06 18:30:00,89191
2021-05-06 19:00:00,89336
2021-05-06 19:30:00,90552
2021-05-06 20:00:00,91255
2021-05-06 20:30:00,89902
2021-05-06 21:00:00,94042
2021-05-06 21:30:00,92849
2021-05-06 22:00:00,91822
2021-05-06 22:30:00,91528
2021-05-06 23:00:00,93343
2021-05-06 23:30:00,93483
2021-05-07 00:00:00,92805
2021-05-07 00:30:00,93429
2021-05-07 01:00:00,95004
2021-05-07 01:30:00,94087
2021-05-07 02:00:00,95750
2021-05-07 02:30:00,93791
2021-05-07 03:00:00,94634
2021-05-07 03:30:00,98532
2021-05-07 04:00:00,95166
2021-05-07 04:30:00,99126
2021-05-07 05:00:00,94829
2021-05-07 05:30:00,96119
2021-05-07 06:00:00,95462
2021-05-07 06:30:00,96633
2021-05-07 07:00:00,94224
2021-05-07 07:30:00,95513
2021-05-07 08:00:00,95511
2021-05-07 08:30:00,95388
2021-05-07 09:00:00,95163
2021-05-07 09:30:00,95881
2021-05-07 10:00:00,90792
2021-05-07 12:30:00,24607
2021-05-07 13:00:00,92115
2021-05-07 13:30:00,91624
2021-05-07 14:00:00,89785
2021-05-07 14:30:00,91529
2021-05-07 15:00:00,90673
2021-05-07 15:30:00,87895
2021-05-07 16:00:00,93175
2021-05-07 16:30:00,88959
2021-05-07 17:00:00,90326
2021-05-07 17:30:00,88043
2021-05-07 18:00:00,88087
2021-05-07 18:30:00,88299
2021-05-07 19:00:00,88735
2021-05-07 19:30:00,92000
2021-05-07 20:00:00,88340
2021-05-07 20:30:00,90917
2021-05-07 21:00:00,90001
2021-05-07 21:30:00,89275
2021-05-07 22:00:00,91443
2021-05-07 22:30:00,91578
2021-05-07 23:00:00,89498
2021-05-07 23:30:00,91196
2021-05-08 00:00:00,89967
2021-05-08 00:30:00,90869
2021-05-08 01:00:00,90463
2021-05-08 01:30:00,92257
2021-05-08 02:00:00,92735
2021-05-08 02:30:00,94102
2021-05-08 03:00:00,94054
2021-05-08 03:30:00,92925
2021-05-08 04:00:00,91745
2021-05-08 04:30:00,95242
2021-05-08 05:00:00,93668
2021-05-08 05:30:00,96568
2021-05-08 06:00:00,94806
2021-05-08 06:30:00,94952
2021-05-08 07:00:00,96851
2021-05-08 07:30:00,93296
2021-05-08 08:00:00,95710
2021-05-08 08:30:00,96646
2021-05-08 09:00:00,95516
2021-05-08 09:30:00,98006
2021-05-08 10:00:00,95580
2021-05-08 10:30:00,94887
2021-05-08 11:00:00,96622
2021-05-08 11:30:00,93697
2021-05-08 12:00:00,93034
2021-05-08 12:30:00,91523
2021-05-08 13:00:00,95011
2021-05-08 13:30:00,90623
2021-05-08 14:00:00,90716
2021-05-08 14:30:00,92292
2021-05-08 15:00:00,92510
2021-05-08 15:30:00,92799
2021-05-08 16:00:00,94150
2021-05-08 16:30:00,90036
2021-05-08 17:00:00,91343
2021-05-08 17:30:00,89805
2021-05-08 18:00:00,89202
2021-05-08 18:30:00,94856
2021-05-08 19:00:00,88642
2021-05-08 19:30:00,89459
2021-05-08 20:00:00,88703
2021-05-08 20:30:00,91174
2021-05-08 21:00:00,86887
2021-05-08 21:30:00,88878
2021-05-08 22:00:00,87856
2021-05-08 22:30:00,87742
2021-05-08 23:00:00,91661
2021-05-08 23:30:00,87143
2021-05-09 00:00:00,91134
2021-05-09 00:30:00,88406
2021-05-09 01:00:00,89430
2021-05-09 01:30:00,89818
2021-05-09 02:00:00,90015
2021-05-09 02:30:00,90967
2021-05-09 03:00:00,94077
2021-05-09 03:30:00,89405
2021-05-09 04:00:00,89423
2021-05-09 04:30:00,89190
2021-05-09 05:00:00,89906
2021-05-09 05:30:00,89771
2021-05-09 06:00:00,89493
2021-05-09 06:30:00,93254
2021-05-09 07:00:00,91900
2021-05-09 07:30:00,90391
2021-05-09 08:00:00,90702
2021-05-09 08:30:00,87283
2021-05-09 09:00:00,90094
2021-05-09 09:30:00,90421
2021-05-09 10:00:00,93385
2021-05-09 10:30:00,89420
2021-05-09 11:00:00,88426
2021-05-09 11:30:00,91951
2021-05-09 12:00:00,93189
2021-05-09 12:30:00,91931
2021-05-09 13:00:00,93226
2021-05-09 13:30:00,90248
2021-05-09 14:00:00,92134
2021-05-09 14:30:00,94151
2021-05-09 15:00:00,93399
2021-05-09 15:30:00,95409
2021-05-09 16:00:00,92467
2021-05-09 16:30:00,97218
2021-05-09 17:00:00,96292
2021-05-09 17:30:00,95357
2021-05-09 18:00:00,93504
2021-05-09 18:30:00,93659
2021-05-09 19:00:00,93110
2021-05-09 19:30:00,92217
2021-05-09 20:00:00,91046
2021-05-09 20:30:00,91161
2021-05-09 21:00:00,90899
2021-05-09 21:30:00,89349
2021-05-09 22:00:00,89962
2021-05-09 22:30:00,91527
2021-05-09 23:00:00,92243
2021-05-09 23:30:00,90706
2021-05-10 00:00:00,90034
2021-05-10 00:30:00,91787
2021-05-10 01:00:00,93016
2021-05-10 01:30:00,87620
2021-05-10 02:00:00,90481
2021-05-10 02:30:00,88123
2021-05-10 03:00:00,89888
2021-05-10 03:30:00,90881
2021-05-10 04:00:00,87094
2021-05-10 04:30:00,91161
2021-05-10 05:00:00,87525
2021-05-10 05:30:00,87391
2021-05-10 06:00:00,90457
2021-05-10 06:30:00,88658
2021-05-10 07:00:00,89392
2021-05-10 07:30:00,88165
2021-05-10 08:00:00,90759
2021-05-10 08:30:00,89020
2021-05-10 09:00:00,86626
2021-05-10 09:30:00,89324
2021-05-10 10:00:00,89989
2021-05-10 10:30:00,89364
2021-05-10 11:00:00,90532
2021-05-10 11:30:00,93120
2021-05-10 12:00:00,93986
2021-05-10 12:30:00,94080
2021-05-10 13:00:00,92820
2021-05-10 13:30:00,95586
2021-05-10 14:00:00,95009
2021-05-10 14:30:00,93259
2021-05-10 15:00:00,94180
2021-05-10 15:30:00,91873
2021-05-10 16:00:00,95091
2021-05-10 16:30:00,90052
2021-05-10 17:00:00,91011
2021-05-10 17:30:00,95775
2021-05-10 18:00:00,92519
2021-05-10 18:30:00,95664
2021-05-10 19:00:00,89414
2021-05-10 19:30:00,92820
2021-05-10 20:00:00,93708
2021-05-10 20:30:00,90182
2021-05-10 21:00:00,91291
2021-05-10 21:30:00,92100
2021-05-10 22:00:00,89473
2021-05-10 22:30:00,89421
2021-05-10 23:00:00,92437
2021-05-10 23:30:00,87266
2021-05-11 00:00:00,89971
2021-05-11 00:30:00,88150
2021-05-11 01:00:00,88220
2021-05-11 01:30:00,88273
2021-05-11 02:00:00,92840
2021-05-11 02:30:00,90610
2021-05-11 03:00:00,91273
2021-05-11 03:30:00,90248
2021-05-11 04:00:00,89968
2021-05-11 04:30:00,90524
2021-05-11 05:00:00,91617
2021-05-11 05:30:00,88230
2021-05-11 06:00:00,91340
2021-05-11 06:30:00,89154
2021-05-11 07:00:00,92831
2021-05-11 07:30:00,86509
2021-05-11 08:00:00,89919
2021-05-11 08:30:00,88578
2021-05-11 09:00:00,89149
2021-05-11 09:30:00,91748
2021-05-11 10:00:00,91018
2021-05-11 10:30:00,88711
2021-05-11 11:00:00,91466
2021-05-11 11:30:00,89169
2021-05-11 12:00:00,91978
2021-05-11 12:30:00,87806
2021-05-11 13:00:00,89757
2021-05-11 13:30:00,93043
2021-05-11 14:00:00,89472
2021-05-11 14:30:00,93394
2021-05-11 15:00:00,90546
2021-05-11 15:30:00,93541
2021-05-11 16:00:00,90657
2021-05-11 16:30:00,91466
2021-05-11 17:00:00,93506
2021-05-11 17:30:00,92449
2021-05-11 18:00:00,90002
2021-05-11 18:30:00,92338
2021-05-11 19:00:00,91416
2021-05-11 19:30:00,92453
2021-05-11 20:00:00,93479
2021-05-11 20:30:00,91935
2021-05-11 21:00:00,93335
2021-05-11 21:30:00,91882
2021-05-11 22:00:00,92843
2021-05-11 22:30:00,94534
2021-05-11 23:00:00,91133
2021-05-11 23:30:00,89036
2021-05-12 00:00:00,92226
2021-05-12 00:30:00,95509
2021-05-12 01:00:00,94185
2021-05-12 01:30:00,90766
2021-05-12 02:00:00,92316
2021-05-12 02:30:00,96150
2021-05-12 03:00:00,91922
2021-05-12 03:30:00,93636
2021-05-12 04:00:00,92493
2021-05-12 04:30:00,93484
2021-05-12 05:00:00,93431
2021-05-12 05:30:00,97147
2021-05-12 06:00:00,95754
2021-05-12 06:30:00,93990
2021-05-12 07:00:00,95308
2021-05-12 07:30:00,93724
2021-05-12 08:00:00,94355
2021-05-12 08:30:00,92735
2021-05-12 09:00:00,94911
2021-05-12 09:30:00,94040
2021-05-12 10:00:00,95668
2021-05-12 10:30:00,92567
2021-05-12 11:00:00,99310
2021-05-12 11:30:00,92547
2021-05-12 12:00:00,91978
2021-05-12 12:30:00,92289
2021-05-12 13:00:00,92451
2021-05-12 13:30:00,90171
2021-05-12 14:00:00,90355
2021-05-12 14:30:00,92110
2021-05-12 15:00:00,92061
2021-05-12 15:30:00,94177
2021-05-12 16:00:00,93171
2021-05-12 16:30:00,95004
2021-05-12 17:00:00,94581
2021-05-12 17:30:00,92288
2021-05-12 18:00:00,94313
2021-05-12 18:30:00,90781
2021-05-12 19:00:00,90616
2021-05-12 19:30:00,90694
2021-05-12 20:00:00,88876
2021-05-12 20:30:00,93489
2021-05-12 21:00:00,91765
2021-05-12 21:30:00,89956
2021-05-12 22:00:00,91430
2021-05-12 22:30:00,91993
2021-05-12 23:00:00,89437
2021-05-12 23:30:00,91136
2021-05-13 00:00:00,93625
2021-05-13 00:30:00,92188
2021-05-13 01:00:00,94858
2021-05-13 01:30:00,95587
2021-05-13 02:00:00,93491
2021-05-13 02:30:00,96269
2021-05-13 03:00:00,97514
2021-05-13 03:30:00,93953
2021-05-13 04:00:00,94484
2021-05-13 04:30:00,96182
2021-05-13 05:00:00,93955
2021-05-13 05:30:00,93479
2021-05-13 06:00:00,97545
2021-05-13 06:30:00,97750
2021-05-13 07:00:00,94962
2021-05-13 07:30:00,94786
2021-05-13 08:00:00,97559
2021-05-13 08:30:00,96031
2021-05-13 09:00:00,98428
2021-05-13 09:30:00,96218
2021-05-13 10:00:00,97833
2021-05-13 10:30:00,93588
2021-05-13 11:00:00,94042
2021-05-13 11:30:00,92457
2021-05-13 12:00:00,92948
2021-05-13 12:30:00,90027
2021-05-13 13:00:00,92809
2021-05-13 13:30:00,91020
2021-05-13 14:00:00,89400
2021-05-13 14:30:00,92339
2021-05-13 15:00:00,90698
2021-05-13 15:30:00,88472
2021-05-13 16:00:00,90821
2021-05-13 16:30:00,93082
2021-05-13 17:00:00,93255
2021-05-13 17:30:00,90514
2021-05-13 18:00:00,88620
2021-05-13 18:30:00,89725
2021-05-13 19:00:00,88901
2021-05-13 19:30:00,86900
2021-05-13 20:00:00,89224
2021-05-13 20:30:00,85638
2021-05-13 21:00:00,88796
2021-05-13 21:30:00,89759
2021-05-13 22:00:00,88403
2021-05-13 22:30:00,89318
2021-05-13 23:00:00,90349
2021-05-13 23:30:00,89180
2021-05-14 00:00:00,88215
2021-05-14 00:30:00,89969
2021-05-14 01:00:00,88620
2021-05-14 01:30:00,88461
2021-05-14 02:00:00,91829
2021-05-14 02:30:00,89647
2021-05-14 03:00:00,88625
2021-05-14 03:30:00,88662
2021-05-14 04:00:00,92359
2021-05-14 04:30:00,91846
2021-05-14 05:00:00,89906
2021-05-14 05:30:00,92053
2021-05-14 06:00:00,90292
2021-05-14 06:30:00,90148
2021-05-14 07:00:00,92677
2021-05-14 07:30:00,90474
2021-05-14 08:00:00,91149
2021-05-14 08:30:00,95142
2021-05-14 09:00:00,90936
2021-05-14 09:30:00,92829
2021-05-14 10:00:00,90848
2021-05-14 10:30:00,89833
2021-05-14 11:00:00,88885
2021-05-14 11:30:00,90217
2021-05-14 12:00:00,89398
2021-05-14 12:30:00,88180
2021-05-14 13:00:00,89133
2021-05-14 13:30:00,88588
2021-05-14 14:00:00,89569
2021-05-14 14:30:00,91286
2021-05-14 15:00:00,90935
2021-05-14 15:30:00,89715
2021-05-14 16:00:00,94342
2021-05-14 16:30:00,91879
2021-05-14 17:00:00,90238
2021-05-14 17:30:00,93162
2021-05-14 18:00:00,91801
2021-05-14 18:30:00,91329
2021-05-14 19:00:00,90789
2021-05-14 19:30:00,89467
2021-05-14 20:00:00,88450
2021-05-14 20:30:00,91340
2021-05-14 21:00:00,88114
2021-05-14 21:30:00,89166
2021-05-14 22:00:00,88930
2021-05-14 22:30:00,87796
2021-05-14 23:00:00,88468
2021-05-14 23:30:00,88376
2021-05-15 00:00:00,90785
2021-05-15 00:30:00,86910
2021-05-15 01:00:00,90675
2021-05-15 01:30:00,89565
2021-05-15 02:00:00,87605
2021-05-15 02:30:00,90626
2021-05-15 03:00:00,90822
2021-05-15 03:30:00,87642
2021-05-15 04:00:00,88608
2021-05-15 04:30:00,89839
2021-05-15 05:00:00,88603
2021-05-15 05:30:00,91467
2021-05-15 06:00:00,89007
2021-05-15 06:30:00,91467
2021-05-15 07:00:00,90721
2021-05-15 07:30:00,87520
2021-05-15 08:00:00,91092
2021-05-15 08:30:00,90789
2021-05-15 09:00:00,90533
2021-05-15 09:30:00,87516
2021-05-15 10:00:00,89193
2021-05-15 10:30:00,88208
2021-05-15 11:00:00,89935
2021-05-15 11:30:00,91059
2021-05-15 12:00:00,91096
2021-05-15 12:30:00,90114
2021-05-15 13:00:00,92707
2021-05-15 13:30:00,90379
2021-05-15 14:00:00,94654
2021-05-15 14:30:00,91438
2021-05-15 15:00:00,94478
2021-05-15 15:30:00,91232
2021-05-15 16:00:00,95446
2021-05-15 16:30:00,93411
2021-05-15 17:00:00,91864
2021-05-15 17:30:00,94236
2021-05-15 18:00:00,92275
2021-05-15 18:30:00,92485
2021-05-15 19:00:00,94720
2021-05-15 19:30:00,95212
2021-05-15 20:00:00,92594
2021-05-15 20:30:00,93079
2021-05-15 21:00:00,90932
2021-05-15 21:30:00,90354
2021-05-15 22:00:00,87538
2021-05-15 22:30:00,94259
2021-05-15 23:00:00,88860
2021-05-15 23:30:00,91057
2021-05-16 00:00:00,89003
2021-05-16 00:30:00,87447
2021-05-16 01:00:00,90132
2021-05-16 01:30:00,86756
2021-05-16 02:00:00,88899
2021-05-16 02:30:00,86591
2021-05-16 03:00:00,87205
2021-05-16 03:30:00,88157
2021-05-16 04:00:00,91566
2021-05-16 04:30:00,89541
2021-05-16 05:00:00,90652
2021-05-16 05:30:00,88483
2021-05-16 06:00:00,89356
2021-05-16 06:30:00,91080
2021-05-16 07:00:00,90606
2021-05-16 07:30:00,90672
2021-05-16 08:00:00,89190
2021-05-16 08:30:00,87640
2021-05-16 09:00:00,88116
2021-05-16 09:30:00,88305
2021-05-16 10:00:00,88281
2021-05-16 10:30:00,89180
2021-05-16 11:00:00,90695
2021-05-16 11:30:00,94709
2021-05-16 12:00:00,90176
2021-05-16 12:30:00,90079
2021-05-16 13:00:00,92660
2021-05-16 13:30:00,95542
2021-05-16 14:00:00,92687
2021-05-16 14:30:00,94447
2021-05-16 15:00:00,91928
2021-05-16 15:30:00,93956
2021-05-16 16:00:00,90922
2021-05-16 16:30:00,95399
2021-05-16 17:00:00,94873
2021-05-16 17:30:00,92279
2021-05-16 18:00:00,94056
2021-05-16 18:30:00,95310
2021-05-16 19:00:00,94066
2021-05-16 19:30:00,90484
2021-05-16 20:00:00,91280
2021-05-16 20:30:00,92244
2021-05-16 21:00:00,91533
2021-05-16 21:30:00,90798
2021-05-16 22:00:00,88958
2021-05-16 22:30:00,90026
2021-05-16 23:00:00,92808
2021-05-16 23:30:00,90717
2021-05-17 00:00:00,92432
2021-05-17 00:30:00,91000
2021-05-17 01:00:00,88526
2021-05-17 01:30:00,88865
2021-05-17 02:00:00,91351
2021-05-17 02:30:00,90733
2021-05-17 03:00:00,86043
2021-05-17 03:30:00,86928
2021-05-17 04:00:00,89801
2021-05-17 04:30:00,88015
2021-05-17 05:00:00,87675
2021-05-17 05:30:00,89351
2021-05-17 06:00:00,90580
2021-05-17 06:30:00,88548
2021-05-17 07:00:00,85056
2021-05-17 07:30:00,90696
2021-05-17 08:00:00,92010
2021-05-17 08:30:00,91577
2021-05-17 09:00:00,92163
2021-05-17 09:30:00,93128
2021-05-17 10:00:00,93036
2021-05-17 10:30:00,93135
2021-05-17 11:00:00,93412
2021-05-17 11:30:00,91357
2021-05-17 12:00:00,93253
2021-05-17 12:30:00,91464
2021-05-17 13:00:00,93530
2021-05-17 13:30:00,94424
2021-05-17 14:00:00,93395
2021-05-17 14:30:00,93752
2021-05-17 15:00:00,93878
2021-05-17 15:30:00,86628
2021-05-17 16:00:00,86724
2021-05-17 16:30:00,91103
2021-05-17 17:00:00,91184
2021-05-17 17:30:00,95541
2021-05-17 18:00:00,92315
2021-05-17 18:30:00,92881
2021-05-17 19:00:00,91351
2021-05-17 19:30:00,93988
2021-05-17 20:00:00,90904
2021-05-17 20:30:00,93377
2021-05-17 21:00:00,92222
2021-05-17 21:30:00,93004
2021-05-17 22:00:00,91811
2021-05-17 22:30:00,92118
2021-05-17 23:00:00,88251
2021-05-17 23:30:00,91315
2021-05-18 00:00:00,89236
2021-05-18 00:30:00,91750
2021-05-18 01:00:00,89494
2021-05-18 01:30:00,88248
2021-05-18 02:00:00,90212
2021-05-18 02:30:00,88850
2021-05-18 03:00:00,89097
2021-05-18 03:30:00,89947
2021-05-18 04:00:00,88939
2021-05-18 04:30:00,86376
2021-05-18 05:00:00,88364
2021-05-18 05:30:00,88975
2021-05-18 06:00:00,91845
2021-05-18 06:30:00,85738
2021-05-18 07:00:00,89844
2021-05-18 07:30:00,89531
2021-05-18 08:00:00,89478
2021-05-18 08:30:00,89954
2021-05-18 09:00:00,88780
2021-05-18 09:30:00,89727
2021-05-18 10:00:00,87098
2021-05-18 10:30:00,89968
2021-05-18 11:00:00,90199
2021-05-18 11:30:00,90348
2021-05-18 12:00:00,90918
2021-05-18 12:30:00,91812
2021-05-18 13:00:00,92679
2021-05-18 13:30:00,91980
2021-05-18 14:00:00,90051
2021-05-18 14:30:00,93195
2021-05-18 15:00:00,94213
2021-05-18 15:30:00,95843
2021-05-18 16:00:00,94783
2021-05-18 16:30:00,94107
2021-05-18 17:00:00,93160
2021-05-18 17:30:00,94466
2021-05-18 18:00:00,89974
2021-05-18 18:30:00,94824
2021-05-18 19:00:00,91886
2021-05-18 19:30:00,93377
2021-05-18 20:00:00,93061
2021-05-18 20:30:00,92937
2021-05-18 21:00:00,91801
2021-05-18 21:30:00,92013
2021-05-18 22:00:00,89150
2021-05-18 22:30:00,91086
2021-05-18 23:00:00,90080
2021-05-18 23:30:00,91625
2021-05-19 00:00:00,90909
2021-05-19 00:30:00,89663
2021-05-19 01:00:00,88019
2021-05-19 01:30:00,87124
2021-05-19 02:00:00,89256
2021-05-19 02:30:00,88191
2021-05-19 03:00:00,86253
2021-05-19 03:30:00,88916
2021-05-19 04:00:00,89205
2021-05-19 04:30:00,88240
2021-05-19 05:00:00,87229
2021-05-19 05:30:00,90114
2021-05-19 06:00:00,92226
2021-05-19 06:30:00,88651
2021-05-19 07:00:00,88291
2021-05-19 07:30:00,89808
2021-05-19 08:00:00,88975
2021-05-19 08:30:00,89861
2021-05-19 09:00:00,88709
2021-05-19 09:30:00,88708
2021-05-19 10:00:00,90997
2021-05-19 10:30:00,91229
2021-05-19 11:00:00,94056
2021-05-19 11:30:00,91247
2021-05-19 12:00:00,93709
2021-05-19 12:30:00,91855
2021-05-19 13:00:00,96919
2021-05-19 13:30:00,91797
2021-05-19 14:00:00,92052
2021-05-19 14:30:00,92409
2021-05-19 15:00:00,92703
2021-05-19 15:30:00,90412
2021-05-19 16:00:00,93001
2021-05-19 16:30:00,94260
2021-05-19 17:00:00,91948
2021-05-19 17:30:00,93248
2021-05-19 18:00:00,91584
2021-05-19 18:30:00,94477
2021-05-19 19:00:00,92861
2021-05-19 19:30:00,94839
2021-05-19 20:00:00,92262
2021-05-19 20:30:00,93016
2021-05-19 21:00:00,94032
2021-05-19 21:30:00,93211
2021-05-19 22:00:00,92595
2021-05-19 22:30:00,90850
2021-05-19 23:00:00,95079
2021-05-19 23:30:00,90941
2021-05-20 00:00:00,95055
2021-05-20 00:30:00,90066
2021-05-20 01:00:00,90650
2021-05-20 01:30:00,90913
2021-05-20 02:00:00,89549
2021-05-20 02:30:00,91579
2021-05-20 03:00:00,91671
2021-05-20 03:30:00,89604
2021-05-20 04:00:00,93959
2021-05-20 04:30:00,88866
2021-05-20 05:00:00,92502
2021-05-20 05:30:00,89809
2021-05-20 06:00:00,90301
2021-05-20 06:30:00,89364
2021-05-20 07:00:00,90631
2021-05-20 07:30:00,90428
2021-05-20 08:00:00,88888
2021-05-20 08:30:00,88598
2021-05-20 09:00:00,90087
2021-05-20 09:30:00,93711
2021-05-20 10:00:00,92919
2021-05-20 10:30:00,94738
2021-05-20 11:00:00,94638
2021-05-20 11:30:00,94588
2021-05-20 12:00:00,96268
2021-05-20 12:30:00,95818
2021-05-20 13:00:00,96711
2021-05-20 13:30:00,93918
2021-05-20 14:00:00,93946
2021-05-20 14:30:00,92649
2021-05-20 15:00:00,96367
2021-05-20 15:30:00,92886
2021-05-20 16:00:00,94183
2021-05-20 16:30:00,94628
2021-05-20 17:00:00,94946
2021-05-20 17:30:00,92132
2021-05-20 18:00:00,94480
2021-05-20 18:30:00,91937
2021-05-20 19:00:00,93418
2021-05-20 19:30:00,94198
2021-05-20 20:00:00,92729
2021-05-20 20:30:00,97056
2021-05-20 21:00:00,94158
2021-05-20 21:30:00,93957
2021-05-20 22:00:00,94494
2021-05-20 22:30:00,90558
2021-05-20 23:00:00,91896
2021-05-20 23:30:00,94459
2021-05-21 00:00:00,92896
2021-05-21 00:30:00,92513
2021-05-21 01:00:00,92602
2021-05-21 01:30:00,98146
2021-05-21 02:00:00,94033
2021-05-21 02:30:00,94190
2021-05-21 03:00:00,94910
2021-05-21 03:30:00,95406
2021-05-21 04:00:00,93555
2021-05-21 04:30:00,95221
2021-05-21 05:00:00,93206
2021-05-21 05:30:00,93829
2021-05-21 06:00:00,95340
2021-05-21 06:30:00,92243
2021-05-21 07:00:00,89091
2021-05-21 07:30:00,93504
2021-05-21 08:00:00,93113
2021-05-21 08:30:00,91048
2021-05-21 09:00:00,94838
2021-05-21 09:30:00,93487
2021-05-21 10:00:00,92033
2021-05-21 10:30:00,93479
2021-05-21 11:00:00,94937
2021-05-21 11:30:00,96758
2021-05-21 12:00:00,96844
2021-05-21 12:30:00,96220
2021-05-21 13:00:00,97177
2021-05-21 13:30:00,97897
2021-05-21 14:00:00,99218
2021-05-21 14:30:00,93900
2021-05-21 15:00:00,96046
2021-05-21 15:30:00,92185
2021-05-21 16:00:00,92657
2021-05-21 16:30:00,94368
2021-05-21 17:00:00,92015
2021-05-21 17:30:00,95018
2021-05-21 18:00:00,93994
2021-05-21 18:30:00,93421
2021-05-21 19:00:00,95999
2021-05-21 19:30:00,93213
2021-05-21 20:00:00,92592
2021-05-21 20:30:00,94317
2021-05-21 21:00:00,96783
2021-05-21 21:30:00,91190
2021-05-21 22:00:00,92793
2021-05-21 22:30:00,92721
2021-05-21 23:00:00,93070
2021-05-21 23:30:00,95968
2021-05-22 00:00:00,89642
2021-05-22 00:30:00,91922
2021-05-22 01:00:00,90076
2021-05-22 01:30:00,9424
2021-05-22 12:00:00,49258
2021-05-22 12:30:00,92595
2021-05-22 13:00:00,91753
2021-05-22 13:30:00,92771
2021-05-22 14:00:00,92675
2021-05-22 14:30:00,90870
2021-05-22 15:00:00,91814
2021-05-22 15:30:00,90967
2021-05-22 16:00:00,92755
2021-05-22 16:30:00,89847
2021-05-22 17:00:00,91193
2021-05-22 17:30:00,90157
2021-05-22 18:00:00,90190
2021-05-22 18:30:00,88955
2021-05-22 19:00:00,89054
2021-05-22 19:30:00,88887
2021-05-22 20:00:00,90859
2021-05-22 20:30:00,86977
2021-05-22 21:00:00,90196
2021-05-22 21:30:00,86052
2021-05-22 22:00:00,91434
2021-05-22 22:30:00,91098
2021-05-22 23:00:00,94388
2021-05-22 23:30:00,89656
2021-05-23 00:00:00,92251
2021-05-23 00:30:00,90834
2021-05-23 01:00:00,94392
2021-05-23 01:30:00,94228
2021-05-23 02:00:00,92046
2021-05-23 02:30:00,94809
2021-05-23 03:00:00,95006
2021-05-23 03:30:00,92458
2021-05-23 04:00:00,93200
2021-05-23 04:30:00,11708
2021-05-23 10:00:00,0
2021-05-23 11:30:00,33661
2021-05-23 12:00:00,96008
2021-05-23 12:30:00,93039
2021-05-23 13:00:00,91066
2021-05-23 13:30:00,93541
2021-05-23 14:00:00,92412
2021-05-23 14:30:00,90662
2021-05-23 15:00:00,91443
2021-05-23 15:30:00,87790
2021-05-23 16:00:00,90737
2021-05-23 16:30:00,88085
2021-05-23 17:00:00,89457
2021-05-23 17:30:00,89997
2021-05-23 18:00:00,89058
2021-05-23 18:30:00,89552
2021-05-23 19:00:00,87601
2021-05-23 19:30:00,88309
2021-05-23 20:00:00,89099
2021-05-23 20:30:00,91988
2021-05-23 21:00:00,86659
2021-05-23 21:30:00,89563
2021-05-23 22:00:00,92871
2021-05-23 22:30:00,88850
2021-05-23 23:00:00,91556
2021-05-23 23:30:00,94509
2021-05-24 00:00:00,90718
2021-05-24 00:30:00,90830
2021-05-24 01:00:00,96608
2021-05-24 01:30:00,91480
2021-05-24 02:00:00,92633
2021-05-24 02:30:00,92200
2021-05-24 03:00:00,92851
2021-05-24 03:30:00,94933
2021-05-24 04:00:00,94052
2021-05-24 04:30:00,94875
2021-05-24 05:00:00,92539
2021-05-24 05:30:00,94802
2021-05-24 06:00:00,95582
2021-05-24 06:30:00,97509
2021-05-24 07:00:00,93895
2021-05-24 07:30:00,98436
2021-05-24 08:00:00,97653
2021-05-24 08:30:00,96881
2021-05-24 09:00:00,99355
2021-05-24 09:30:00,96360
2021-05-24 10:00:00,96707
2021-05-24 10:30:00,96434
2021-05-24 11:00:00,93351
2021-05-24 11:30:00,97167
2021-05-24 12:00:00,94102
2021-05-24 12:30:00,92825
2021-05-24 13:00:00,91423
2021-05-24 13:30:00,94567
2021-05-24 14:00:00,91324
2021-05-24 14:30:00,90699
2021-05-24 15:00:00,91512
2021-05-24 15:30:00,93084
2021-05-24 16:00:00,94352
2021-05-24 16:30:00,90548
2021-05-24 17:00:00,89639
2021-05-24 17:30:00,91898
2021-05-24 18:00:00,87375
2021-05-24 18:30:00,87411
2021-05-24 19:00:00,89105
2021-05-24 19:30:00,90136
2021-05-24 20:00:00,88672
2021-05-24 20:30:00,91656
2021-05-24 21:00:00,91372
2021-05-24 21:30:00,89050
2021-05-24 22:00:00,92058
2021-05-24 22:30:00,89662
2021-05-24 23:00:00,90480
2021-05-24 23:30:00,90588
2021-05-25 00:00:00,92390
2021-05-25 00:30:00,94691
2021-05-25 01:00:00,92330
2021-05-25 01:30:00,92900
2021-05-25 02:00:00,95605
2021-05-25 02:30:00,93010
2021-05-25 03:00:00,94087
2021-05-25 03:30:00,98082
2021-05-25 04:00:00,94581
2021-05-25 04:30:00,97308
2021-05-25 05:00:00,97223
2021-05-25 05:30:00,96988
2021-05-25 06:00:00,96008
2021-05-25 06:30:00,97835
2021-05-25 07:00:00,95884
2021-05-25 07:30:00,94021
2021-05-25 08:00:00,96229
2021-05-25 08:30:00,96721
2021-05-25 09:00:00,98326
2021-05-25 09:30:00,95460
2021-05-25 10:00:00,93111
2021-05-25 10:30:00,92354
2021-05-25 11:00:00,93576
2021-05-25 11:30:00,91686
2021-05-25 12:00:00,95111
2021-05-25 12:30:00,92194
2021-05-25 13:00:00,89292
2021-05-25 13:30:00,93856
2021-05-25 14:00:00,91463
2021-05-25 14:30:00,94523
2021-05-25 15:00:00,94757
2021-05-25 15:30:00,92775
2021-05-25 16:00:00,95442
2021-05-25 16:30:00,90426
2021-05-25 17:00:00,91340
2021-05-25 17:30:00,90073
2021-05-25 18:00:00,88655
2021-05-25 18:30:00,89937
2021-05-25 19:00:00,89181
2021-05-25 19:30:00,87935
2021-05-25 20:00:00,87914
2021-05-25 20:30:00,91587
2021-05-25 21:00:00,87463
2021-05-25 21:30:00,91762
2021-05-25 22:00:00,88878
2021-05-25 22:30:00,88640
2021-05-25 23:00:00,89498
2021-05-25 23:30:00,87939
2021-05-26 00:00:00,91899
2021-05-26 00:30:00,88516
2021-05-26 01:00:00,91591
2021-05-26 01:30:00,90208
2021-05-26 02:00:00,87709
2021-05-26 02:30:00,89187
2021-05-26 03:00:00,91033
2021-05-26 03:30:00,90000
2021-05-26 04:00:00,89397
2021-05-26 04:30:00,86940
2021-05-26 05:00:00,89361
2021-05-26 05:30:00,90142
2021-05-26 06:00:00,91783
2021-05-26 06:30:00,90480
2021-05-26 07:00:00,92579
2021-05-26 07:30:00,94215
2021-05-26 08:00:00,88090
2021-05-26 08:30:00,90239
2021-05-26 09:00:00,90438
2021-05-26 09:30:00,90600
2021-05-26 10:00:00,90642
2021-05-26 10:30:00,87370
2021-05-26 11:00:00,88367
2021-05-26 11:30:00,90268
2021-05-26 12:00:00,91822
2021-05-26 12:30:00,89860
2021-05-26 13:00:00,91979
2021-05-26 13:30:00,94183
2021-05-26 14:00:00,94299
2021-05-26 14:30:00,92420
2021-05-26 15:00:00,89726
2021-05-26 15:30:00,93494
2021-05-26 16:00:00,92620
2021-05-26 16:30:00,92638
2021-05-26 17:00:00,95154
2021-05-26 17:30:00,94433
2021-05-26 18:00:00,93310
2021-05-26 18:30:00,92118
2021-05-26 19:00:00,89535
2021-05-26 19:30:00,91046
2021-05-26 20:00:00,90523
2021-05-26 20:30:00,91131
2021-05-26 21:00:00,90853
2021-05-26 21:30:00,90513
2021-05-26 22:00:00,90509
2021-05-26 22:30:00,91495
2021-05-26 23:00:00,88900
2021-05-26 23:30:00,87540
2021-05-27 00:00:00,90442
2021-05-27 00:30:00,88575
2021-05-27 01:00:00,88795
2021-05-27 01:30:00,89307
2021-05-27 02:00:00,90191
2021-05-27 02:30:00,89513
2021-05-27 03:00:00,89823
2021-05-27 03:30:00,88990
2021-05-27 04:00:00,88442
2021-05-27 04:30:00,89177
2021-05-27 05:00:00,89393
2021-05-27 05:30:00,91658
2021-05-27 06:00:00,92724
2021-05-27 06:30:00,93218
2021-05-27 07:00:00,93404
2021-05-27 07:30:00,91906
2021-05-27 08:00:00,91607
2021-05-27 08:30:00,90260
2021-05-27 09:00:00,90370
2021-05-27 09:30:00,90695
2021-05-27 10:00:00,92305
2021-05-27 10:30:00,16687
2021-05-27 11:00:00,34335
2021-05-27 11:30:00,96093
2021-05-27 12:00:00,92266
2021-05-27 12:30:00,93153
2021-05-27 13:00:00,91055
2021-05-27 13:30:00,94148
2021-05-27 14:00:00,90363
2021-05-27 14:30:00,93329
2021-05-27 15:00:00,90943
2021-05-27 15:30:00,93474
2021-05-27 16:00:00,95285
2021-05-27 16:30:00,92229
2021-05-27 17:00:00,96067
2021-05-27 17:30:00,93265
2021-05-27 18:00:00,94095
2021-05-27 18:30:00,95506
2021-05-27 19:00:00,94091
2021-05-27 19:30:00,92217
2021-05-27 20:00:00,89074
2021-05-27 20:30:00,92737
2021-05-27 21:00:00,90996
2021-05-27 21:30:00,89081
2021-05-27 22:00:00,92871
2021-05-27 22:30:00,90975
2021-05-27 23:00:00,93573
2021-05-27 23:30:00,90752
2021-05-28 00:00:00,92280
2021-05-28 00:30:00,92499
2021-05-28 01:00:00,94829
2021-05-28 01:30:00,91224
2021-05-28 02:00:00,92817
2021-05-28 02:30:00,89268
2021-05-28 03:00:00,94517
2021-05-28 03:30:00,91178
2021-05-28 04:00:00,91349
2021-05-28 04:30:00,91137
2021-05-28 05:00:00,90856
2021-05-28 05:30:00,92332
2021-05-28 06:00:00,94039
2021-05-28 06:30:00,92413
2021-05-28 07:00:00,92406
2021-05-28 07:30:00,93423
2021-05-28 08:00:00,92428
2021-05-28 08:30:00,95114
2021-05-28 09:00:00,91180
2021-05-28 09:30:00,94769
2021-05-28 10:00:00,96054
2021-05-28 10:30:00,96001
2021-05-28 11:00:00,94134
2021-05-28 11:30:00,96738
2021-05-28 12:00:00,94728
2021-05-28 12:30:00,96798
2021-05-28 13:00:00,97867
2021-05-28 13:30:00,95903
2021-05-28 14:00:00,97932
2021-05-28 14:30:00,93416
2021-05-28 15:00:00,93661
2021-05-28 15:30:00,95713
2021-05-28 16:00:00,92452
2021-05-28 16:30:00,93466
2021-05-28 17:00:00,93800
2021-05-28 17:30:00,93503
2021-05-28 18:00:00,92467
2021-05-28 18:30:00,94643
2021-05-28 19:00:00,97015
2021-05-28 19:30:00,94932
2021-05-28 20:00:00,97057
2021-05-28 20:30:00,94614
2021-05-28 21:00:00,94250
2021-05-28 21:30:00,94379
2021-05-28 22:00:00,93893
2021-05-28 22:30:00,90281
2021-05-28 23:00:00,95763
2021-05-28 23:30:00,95820
2021-05-29 00:00:00,91325
2021-05-29 00:30:00,92055
2021-05-29 01:00:00,91429
2021-05-29 01:30:00,92734
2021-05-29 02:00:00,96382
2021-05-29 02:30:00,91760
2021-05-29 03:00:00,90330
2021-05-29 03:30:00,92229
2021-05-29 04:00:00,92336
2021-05-29 04:30:00,91719
2021-05-29 05:00:00,95456
2021-05-29 05:30:00,90095
2021-05-29 06:00:00,93643
2021-05-29 06:30:00,90263
2021-05-29 07:00:00,94819
2021-05-29 07:30:00,91880
2021-05-29 08:00:00,91128
2021-05-29 08:30:00,90236
2021-05-29 09:00:00,91475
2021-05-29 09:30:00,90923
2021-05-29 10:00:00,91901
2021-05-29 10:30:00,91577
2021-05-29 11:00:00,91889
2021-05-29 11:30:00,92965
2021-05-29 12:00:00,93038
2021-05-29 12:30:00,93564
2021-05-29 13:00:00,95159
2021-05-29 13:30:00,91667
2021-05-29 14:00:00,88829
2021-05-29 14:30:00,94175
2021-05-29 15:00:00,93481
2021-05-29 15:30:00,90483
2021-05-29 16:00:00,92246
2021-05-29 16:30:00,93262
2021-05-29 17:00:00,89051
2021-05-29 17:30:00,91489
2021-05-29 18:00:00,91418
2021-05-29 18:30:00,91071
2021-05-29 19:00:00,90503
2021-05-29 19:30:00,90390
2021-05-29 20:00:00,90862
2021-05-29 20:30:00,89640
2021-05-29 21:00:00,94462
2021-05-29 21:30:00,89495
2021-05-29 22:00:00,88971
2021-05-29 22:30:00,88898
2021-05-29 23:00:00,89692
2021-05-29 23:30:00,87806
2021-05-30 00:00:00,88750
2021-05-30 00:30:00,90863
2021-05-30 01:00:00,91794
2021-05-30 01:30:00,91733
2021-05-30 02:00:00,88546
2021-05-30 02:30:00,89780
2021-05-30 03:00:00,89134
2021-05-30 03:30:00,88938
2021-05-30 04:00:00,91343
2021-05-30 04:30:00,89699
2021-05-30 05:00:00,90391
2021-05-30 05:30:00,92064
2021-05-30 06:00:00,90454
2021-05-30 06:30:00,93739
2021-05-30 07:00:00,89148
2021-05-30 07:30:00,91943
2021-05-30 08:00:00,88656
2021-05-30 08:30:00,90090
2021-05-30 09:00:00,92754
2021-05-30 09:30:00,92219
2021-05-30 10:00:00,91337
2021-05-30 10:30:00,88436
2021-05-30 11:00:00,90369
2021-05-30 11:30:00,87966
2021-05-30 12:00:00,90553
2021-05-30 12:30:00,89027
2021-05-30 13:00:00,88591
2021-05-30 13:30:00,91565
2021-05-30 14:00:00,90364
2021-05-30 14:30:00,94028
2021-05-30 15:00:00,92012
2021-05-30 15:30:00,91921
2021-05-30 16:00:00,92545
2021-05-30 16:30:00,96227
2021-05-30 17:00:00,87974
2021-05-30 17:30:00,89225
2021-05-30 18:00:00,88969
2021-05-30 18:30:00,89740
2021-05-30 19:00:00,87961
2021-05-30 19:30:00,87842
2021-05-30 20:00:00,87766
2021-05-30 20:30:00,87412
2021-05-30 21:00:00,88271
2021-05-30 21:30:00,89565
2021-05-30 22:00:00,90163
2021-05-30 22:30:00,89385
2021-05-30 23:00:00,88089
2021-05-30 23:30:00,89693
2021-05-31 00:00:00,90178
2021-05-31 00:30:00,90061
2021-05-31 01:00:00,89802
2021-05-31 01:30:00,92511
2021-05-31 02:00:00,95611
2021-05-31 02:30:00,93402
2021-05-31 03:00:00,91710
2021-05-31 03:30:00,91267
2021-05-31 04:00:00,93755
2021-05-31 04:30:00,93326
2021-05-31 05:00:00,98465
2021-05-31 05:30:00,95661
2021-05-31 06:00:00,95796
2021-05-31 06:30:00,96132
2021-05-31 07:00:00,98731
2021-05-31 07:30:00,97604
2021-05-31 08:00:00,95036
2021-05-31 08:30:00,95089
2021-05-31 09:00:00,100061
2021-05-31 09:30:00,96410
2021-05-31 10:00:00,94529
2021-05-31 10:30:00,93545
2021-05-31 11:00:00,93450
2021-05-31 11:30:00,93431
2021-05-31 12:00:00,95375
2021-05-31 12:30:00,91665
2021-05-31 13:00:00,91016
2021-05-31 13:30:00,91009
2021-05-31 14:00:00,91901
2021-05-31 14:30:00,90662
2021-05-31 15:00:00,87736
2021-05-31 15:30:00,93510
2021-05-31 16:00:00,91274
2021-05-31 16:30:00,93807
2021-05-31 17:00:00,92085
2021-05-31 17:30:00,92004
2021-05-31 18:00:00,89716
2021-05-31 18:30:00,94635
2021-05-31 19:00:00,90333
2021-05-31 19:30:00,88758
2021-05-31 20:00:00,88818
2021-05-31 20:30:00,45522

